,city,cloudiness,country,date,humidity,lat,long,max temp,wind speed
0,hilo,90,US,1578272660,58,19.71,-155.08,82.4,8.05
1,longyearbyen,64,NO,1578272713,59,78.22,15.63,-8.16,3.94
2,srednekolymsk,12,RU,1578272714,81,67.46,153.71,-10.25,3.09
3,ribas do rio pardo,31,BR,1578272714,61,-20.45,-53.76,75.36,6.17
4,vaini,75,IN,1578272714,82,15.34,74.49,68.0,4.7
5,kologriv,87,RU,1578272714,96,58.83,44.31,21.09,6.08
6,provideniya,99,RU,1578272714,76,64.42,-173.23,-10.28,9.1
7,norman wells,20,CA,1578272714,72,65.28,-126.83,-38.2,3.36
8,atuona,34,PF,1578272714,75,-9.8,-139.03,80.55,9.46
9,saint-augustin,40,CA,1578272714,72,45.63,-73.98,19.99,5.82
10,hamilton,90,CA,1578272561,95,43.26,-79.87,33.01,13.87
11,jawa,39,ID,1578272715,75,5.32,95.93,81.19,14.47
12,busselton,0,AU,1578272715,49,-33.64,115.35,77.0,3.0
13,bagotville,40,AU,1578272715,74,-28.98,153.42,84.2,17.22
14,lompoc,1,US,1578272152,52,34.64,-120.46,62.01,20.8
15,bardstown,1,US,1578272715,65,37.81,-85.47,48.2,9.93
16,najran,28,SA,1578272715,56,17.54,44.22,68.0,5.82
17,sorland,75,NO,1578272715,75,67.67,12.69,41.0,8.05
18,ushuaia,75,AR,1578272716,66,-54.81,-68.31,50.0,26.4
19,bluff,1,AU,1578272716,45,-23.58,149.07,85.77,13.42
20,luwuk,100,ID,1578272716,81,-0.95,122.79,80.73,14.74
21,aklavik,90,CA,1578272716,68,68.22,-135.01,-16.6,6.93
22,east london,90,ZA,1578271864,76,-33.02,27.91,72.48,4.72
23,tirur,20,IN,1578272716,88,10.92,75.92,71.6,3.36
24,klaksvik,100,FO,1578272157,100,62.23,-6.59,48.2,17.22
25,whitehorse,90,CA,1578272716,83,60.72,-135.06,-4.0,4.7
26,salta,75,AR,1578272683,57,-24.79,-65.41,84.2,6.93
27,ponta do sol,4,BR,1578272173,95,-20.63,-46.0,67.86,4.09
28,punta arenas,40,CL,1578272717,57,-53.16,-70.91,50.0,23.04
29,port dover,90,CA,1578272717,100,42.79,-80.2,30.99,9.17
30,tonekabon,40,IR,1578272717,87,36.82,50.88,46.4,4.7
31,dingle,54,PH,1578272717,92,11.0,122.67,75.33,12.15
32,katherine,99,AU,1578272717,62,-14.47,132.26,87.8,5.82
33,cape town,40,ZA,1578271916,88,-33.93,18.42,64.0,5.82
34,coihueco,14,CL,1578272717,59,-36.63,-71.83,64.4,10.29
35,albany,75,US,1578272530,63,42.65,-73.75,30.2,6.93
36,touros,40,BR,1578272718,78,-5.2,-35.46,80.6,11.41
37,burns lake,16,CA,1578272187,79,54.23,-125.76,20.77,5.1
38,kaitangata,98,NZ,1578272123,59,-46.28,169.85,54.0,21.0
39,barrow,100,AR,1578272718,89,-38.31,-60.23,61.95,4.38
40,thompson,90,CA,1578272558,84,55.74,-97.86,6.8,9.17
41,butaritari,93,KI,1578272127,76,3.07,172.79,85.35,16.69
42,kodiak,1,US,1578272141,55,39.95,-94.76,39.0,5.82
43,mataura,84,NZ,1578272718,79,-46.19,168.86,51.01,25.01
44,plettenberg bay,100,ZA,1578272719,88,-34.05,23.37,67.08,2.84
45,kilindoni,31,TZ,1578272720,75,-7.91,39.67,82.69,8.66
46,port hardy,75,CA,1578272720,86,50.7,-127.42,37.4,5.82
47,jamestown,70,AU,1578272184,70,-33.21,138.6,65.23,6.46
48,rocha,51,UY,1578272720,71,-34.48,-54.34,67.86,11.23
49,umm lajj,0,SA,1578272720,59,25.02,37.27,52.93,6.22
50,takoradi,6,GH,1578272180,55,4.89,-1.75,78.84,1.83
51,neubrandenburg,100,DE,1578272720,86,53.56,13.26,39.99,4.0
52,mangrol,0,IN,1578272160,54,25.33,76.51,53.02,4.81
53,rincon,100,PA,1578272720,72,8.46,-82.28,69.01,8.01
54,faanui,23,PF,1578272155,74,-16.48,-151.75,82.13,9.71
55,tiksi,3,RU,1578272721,87,71.64,128.87,-14.42,12.73
56,pechenga,96,RU,1578272721,91,58.89,41.46,22.39,4.94
57,makakilo city,75,US,1578272721,69,21.35,-158.09,82.0,9.17
58,oriximina,2,BR,1578272721,68,-1.77,-55.87,81.99,5.1
59,sao felix do xingu,100,BR,1578272721,96,-6.64,-51.99,72.99,1.9
60,ketrzyn,95,PL,1578272721,71,54.08,21.38,30.52,9.46
61,lagoa,0,PT,1578272722,76,37.14,-8.45,52.0,9.17
62,lebu,20,ET,1578272156,76,8.96,38.73,53.6,5.82
63,itarema,14,BR,1578272722,85,-2.92,-39.92,77.0,4.45
64,nishihara,20,JP,1578272722,45,35.74,139.53,48.99,16.11
65,auki,100,NG,1578272722,28,12.18,6.51,63.95,11.52
66,jaslo,20,PL,1578272722,92,49.75,21.47,28.0,6.93
67,muisne,45,EC,1578272722,84,0.61,-80.02,75.85,3.58
68,puerto madero,71,AR,1578272723,69,-34.61,-58.36,79.0,16.11
69,cabo san lucas,40,MX,1578272701,73,22.89,-109.91,72.0,4.7
70,georgetown,10,GY,1578271926,78,6.8,-58.16,78.8,4.7
71,fakse,100,DK,1578272723,100,55.25,12.12,41.0,9.17
72,namibe,71,AO,1578272723,89,-15.19,12.15,73.09,12.41
73,bredasdorp,100,ZA,1578272187,77,-34.53,20.04,62.6,3.36
74,port elizabeth,1,US,1578272158,59,39.31,-74.98,37.99,4.7
75,hovd,40,NO,1578272724,93,63.83,10.7,45.0,11.41
76,galle,3,GN,1578272724,49,10.08,-12.83,65.71,1.88
77,pocoes,100,BR,1578272724,97,-14.53,-40.37,68.43,0.72
78,san patricio,2,PY,1578272724,49,-26.98,-56.83,80.28,6.26
79,povolzhskiy,75,RU,1578272724,100,53.59,49.76,30.2,2.24
80,nikolskoye,93,RU,1578272174,85,59.7,30.79,25.0,2.24
81,puerto ayora,75,EC,1578272164,69,-0.74,-90.35,80.6,16.11
82,lookan,100,PH,1578272724,78,5.04,120.1,80.1,1.43
83,hambantota,5,LK,1578272724,100,6.12,81.12,73.4,4.7
84,khatanga,99,RU,1578272173,97,71.98,102.47,-7.42,6.53
85,ambulu,100,ID,1578272725,79,-8.35,113.61,81.43,8.61
86,saldanha,0,PT,1578272725,80,41.42,-6.55,36.0,0.6
87,sisophon,0,KH,1578272725,76,13.59,102.97,69.28,4.29
88,vila franca do campo,75,PT,1578272725,93,37.72,-25.43,64.4,17.22
89,nouadhibou,39,MR,1578272725,72,20.93,-17.03,59.0,13.87
90,rikitea,83,PF,1578272725,77,-23.12,-134.97,76.37,14.54
91,vila velha,40,BR,1578272187,74,-3.71,-38.6,86.0,5.82
92,yulara,90,AU,1578272725,77,-25.24,130.99,68.0,14.99
93,port alfred,72,ZA,1578272726,92,-33.59,26.89,68.0,3.56
94,talnakh,75,RU,1578272153,92,69.49,88.39,21.2,29.08
95,esperance,11,AU,1578272726,26,-33.86,121.89,78.8,25.28
96,gat,0,SN,1578272726,28,14.69,-16.54,69.8,12.75
97,torbay,90,CA,1578272139,100,47.66,-52.73,30.99,26.4
98,mbandaka,64,CD,1578272726,48,0.05,18.26,71.94,2.66
99,tuatapere,100,NZ,1578272726,79,-46.13,167.69,51.01,25.01
100,tshikapa,100,CD,1578272726,97,-6.42,20.79,69.93,1.72
101,severo-kurilsk,100,RU,1578272165,96,50.68,156.12,21.45,12.12
102,manzhouli,100,CN,1578272726,86,49.6,117.43,3.22,5.32
103,aquin,60,HT,1578272727,77,18.28,-73.39,77.36,11.77
104,waingapu,98,ID,1578272727,78,-9.65,120.26,83.35,19.71
105,kapaa,40,US,1578272727,74,22.08,-159.32,80.6,18.34
106,muravlenko,100,RU,1578272727,94,63.79,74.5,21.78,13.51
107,saskylakh,23,RU,1578272727,94,71.97,114.09,-19.23,14.5
108,imeni poliny osipenko,0,RU,1578272727,86,52.42,136.49,-10.71,2.82
109,comodoro rivadavia,40,AR,1578272727,30,-45.87,-67.48,69.8,13.87
110,dikson,95,RU,1578272727,92,73.51,80.55,18.0,19.55
111,magomeni,20,TZ,1578272728,88,-6.8,39.25,80.6,9.17
112,yar-sale,0,RU,1578272728,86,66.83,70.83,13.35,16.67
113,saint george,90,GR,1578272650,80,39.45,22.34,41.0,12.75
114,soverato,13,IT,1578272728,57,38.69,16.55,36.66,15.28
115,upernavik,100,GL,1578272728,93,72.79,-56.15,-27.65,12.19
116,arraial do cabo,100,BR,1578272142,89,-22.97,-42.02,76.06,6.67
117,novaya maka,53,RU,1578272728,83,41.77,48.36,45.86,3.94
118,richards bay,18,ZA,1578272728,88,-28.77,32.06,79.34,14.18
119,salalah,75,OM,1578272729,78,17.01,54.1,75.2,3.36
120,hermanus,100,ZA,1578272729,93,-34.42,19.24,64.0,8.08
121,ilulissat,100,GL,1578272729,55,69.22,-51.1,10.4,10.29
122,carnarvon,1,ZA,1578272729,77,-30.97,22.13,60.42,7.92
123,sao joao da barra,92,BR,1578272729,87,-21.64,-41.05,78.1,1.92
124,bayan,100,CN,1578272729,91,36.1,102.26,14.81,1.19
125,hithadhoo,100,MV,1578272139,74,-0.6,73.08,83.08,10.4
126,iqaluit,90,CA,1578272729,62,63.75,-68.52,-16.6,4.7
127,kenora,90,CA,1578272729,73,49.76,-94.48,24.8,5.82
128,itaueira,86,BR,1578272730,78,-7.6,-43.03,73.38,3.11
129,geraldton,90,CA,1578272184,92,49.72,-86.95,15.8,8.05
130,okha,100,RU,1578272730,92,53.59,142.95,25.95,15.37
131,walvis bay,41,NA,1578272730,82,-22.95,14.51,63.0,1.12
132,wencheng,97,CN,1578272730,94,27.79,120.09,56.23,2.95
133,jalu,0,LY,1578272730,47,29.03,21.55,50.2,13.62
134,sinegorskiy,100,RU,1578272730,83,48.01,40.84,34.14,2.68
135,pevek,0,RU,1578272730,80,69.7,170.27,-6.74,5.28
136,gouyave,20,GD,1578272730,88,12.16,-61.73,75.2,8.61
137,cidreira,0,BR,1578272130,84,-30.17,-50.22,74.71,23.17
138,luderitz,0,NA,1578272153,85,-26.65,15.16,63.32,27.09
139,samarai,80,PG,1578272731,68,-10.62,150.67,85.57,5.91
140,dillon,75,US,1578272731,62,45.22,-112.64,23.0,11.41
141,alyangula,75,AU,1578272731,66,-13.85,136.42,87.8,3.36
142,alice springs,75,AU,1578272731,72,-23.7,133.88,68.0,10.29
143,maniitsoq,100,GL,1578272731,99,65.42,-52.9,6.46,35.81
144,vuktyl,100,RU,1578272731,96,63.86,57.31,19.11,5.01
145,tuktoyaktuk,40,CA,1578272731,74,69.44,-133.03,-23.8,8.05
146,santa rita do passa quatro,27,BR,1578272732,100,-21.71,-47.48,66.2,4.7
147,marsh harbour,42,BS,1578272732,69,26.54,-77.06,66.63,21.9
148,mitsamiouli,100,KM,1578272167,75,-11.38,43.28,82.53,5.86
149,boende,100,CD,1578272732,83,-0.28,20.88,70.25,1.63
150,broome,23,GB,1578272732,81,52.47,1.45,46.4,9.17
151,iskateley,97,RU,1578272732,86,67.68,53.15,18.34,16.11
152,mar del plata,79,AR,1578272732,36,-46.43,-67.52,66.79,8.21
153,saint-germain-de-grantham,90,CA,1578272732,72,45.84,-72.57,17.01,2.24
154,mabini,75,PH,1578272733,83,7.31,125.85,78.8,6.93
155,kahului,20,US,1578272733,54,20.89,-156.47,82.4,24.16
156,airai,100,TL,1578272733,75,-8.93,125.41,75.02,4.07
157,aksu,90,KZ,1578272733,100,52.04,76.93,12.2,2.24
158,hobart,20,AU,1578271873,52,-42.88,147.33,69.01,9.17
159,gairo,46,TZ,1578272733,97,-6.14,36.87,63.18,0.78
160,almaznyy,75,RU,1578272733,93,48.03,40.04,35.6,2.24
161,sekoma,99,BW,1578272733,30,-24.51,23.93,82.74,7.27
162,lata,100,IN,1578272164,79,30.78,78.62,14.16,6.73
163,coquimbo,40,CL,1578272734,77,-29.95,-71.34,62.6,9.17
164,mutis,34,CO,1578272585,81,6.23,-77.4,81.41,7.07
165,belle fourche,90,US,1578272734,50,44.67,-103.85,30.99,6.93
166,isangel,20,VU,1578272734,62,-19.55,169.27,87.8,14.99
167,castro,20,CL,1578272734,71,-42.48,-73.76,53.6,5.82
168,bethel,1,US,1578272734,68,60.79,-161.76,-14.8,6.93
169,acapulco,75,MX,1578272700,78,16.86,-99.88,82.4,2.24
170,nyurba,93,RU,1578272734,100,63.29,118.35,-8.95,1.79
171,camargo,29,MX,1578272735,23,27.69,-105.17,62.33,8.55
172,slave lake,90,CA,1578272507,85,55.28,-114.77,15.8,5.82
173,vardo,1,US,1578272735,68,39.62,-77.74,34.0,3.24
174,veraval,90,FR,1578272735,81,49.65,0.71,44.6,5.82
175,marrakesh,34,MA,1578272735,87,31.63,-7.99,46.4,5.82
176,mount darwin,100,ZW,1578272735,95,-16.77,31.58,66.24,1.63
177,saint-philippe,40,CA,1578272735,67,45.36,-73.48,21.0,5.82
178,yellowknife,20,CA,1578272735,75,62.45,-114.38,-18.0,8.05
179,sitka,16,US,1578272736,47,37.17,-99.65,39.0,5.82
180,karratha,72,AU,1578272736,68,-20.74,116.85,84.94,10.2
181,tecoanapa,75,MX,1578272736,78,16.99,-99.26,82.4,2.24
182,roma,0,IT,1578271981,64,41.89,12.48,44.6,1.12
183,padang,41,ID,1578272736,80,-0.92,100.36,68.52,6.24
184,vung tau,37,VN,1578272555,74,10.35,107.08,72.59,6.93
185,marsaxlokk,0,MT,1578272736,37,35.84,14.54,52.0,17.22
186,rio pardo de minas,96,BR,1578272736,97,-15.62,-42.55,65.75,3.91
187,avarua,100,CK,1578272737,83,-21.21,-159.78,82.4,4.7
188,ancud,20,CL,1578272737,71,-41.87,-73.83,53.6,5.82
189,dalhousie,90,CA,1578272737,62,48.06,-66.37,21.2,13.87
190,saint-paul,0,FR,1578272737,64,45.22,1.9,37.4,11.41
191,filadelfia,0,PY,1578272737,25,-22.35,-60.04,85.32,8.79
192,baykit,99,RU,1578272737,96,61.68,96.39,9.81,4.25
193,whakatane,0,NZ,1578272530,40,-37.96,176.99,73.0,13.0
194,japura,31,ID,1578272737,93,-0.42,102.29,73.17,1.16
195,le moule,90,GP,1578272738,88,16.33,-61.35,75.2,5.82
196,chokurdakh,48,RU,1578272738,100,70.62,147.9,-23.24,1.52
197,qaanaaq,18,GL,1578272166,49,77.48,-69.36,-25.4,2.93
198,cap malheureux,75,MU,1578272738,94,-19.98,57.61,75.2,16.11
199,jacksonville beach,1,US,1578272560,66,30.29,-81.39,53.6,4.7
200,lorengau,72,PG,1578272738,71,-2.02,147.27,84.94,9.35
201,adrar,0,DZ,1578272738,36,27.87,-0.29,44.6,9.17
202,pozo colorado,0,PY,1578272738,33,-23.49,-58.8,83.07,4.81
203,baiyin,90,CN,1578272738,57,36.55,104.13,27.0,2.24
204,bowen,75,AU,1578272739,74,-20.01,148.25,87.01,10.29
205,puerto colombia,100,CO,1578272739,74,10.99,-74.96,80.6,17.22
206,clyde river,1,CA,1578272162,52,70.47,-68.59,-40.0,17.22
207,lapy,39,PL,1578272617,100,52.99,22.88,28.99,6.11
208,opuwo,100,NA,1578272739,73,-18.06,13.84,68.13,4.25
209,lanxi,58,CN,1578272739,91,29.21,119.46,55.81,2.33
210,hasaki,40,JP,1578272177,52,35.73,140.83,43.0,11.41
211,sukhobezvodnoye,95,RU,1578272739,87,57.05,44.89,28.65,6.87
212,mahebourg,75,MU,1578272155,94,-20.41,57.7,75.2,16.11
213,evensk,22,RU,1578272740,46,61.92,159.24,-1.86,4.54
214,tual,52,ID,1578272172,76,-5.67,132.75,83.98,12.8
215,rio grande,0,BR,1578272740,82,-32.03,-52.1,73.99,5.01
216,ola,69,RU,1578272740,63,59.58,151.3,11.14,4.99
217,sambava,96,MG,1578272740,95,-14.27,50.17,69.87,2.01
218,ribeira grande,100,PT,1578272740,94,38.52,-28.7,60.31,16.84
219,bembereke,53,BJ,1578272740,29,10.23,2.66,70.41,5.59
220,ust-nera,92,RU,1578272740,100,64.57,143.24,-23.28,1.7
221,hervey bay,90,AU,1578272741,61,-25.3,152.85,82.4,12.75
222,udayagiri,30,IN,1578272741,96,12.32,76.68,65.41,8.46
223,comarapa,52,BO,1578272741,88,-17.91,-64.53,61.43,4.5
224,krzeszowice,75,PL,1578272741,92,50.13,19.63,28.0,1.12
225,amguri,13,IN,1578272741,94,26.81,94.53,52.92,0.81
226,leningradskiy,0,RU,1578272741,65,69.38,178.42,-9.33,4.27
227,seoul,90,KR,1578272545,63,37.57,126.98,37.4,2.24
228,ponta delgada,75,PT,1578272741,93,37.73,-25.67,64.4,17.22
229,montepuez,100,MZ,1578272741,93,-13.13,39.0,71.6,2.82
230,hovin,40,NO,1578272742,93,63.11,10.22,37.4,11.41
231,kruisfontein,100,ZA,1578272742,85,-34.0,24.73,63.99,4.09
232,narsaq,90,GL,1578272168,67,60.91,-46.05,19.4,9.17
233,shimoda,40,JP,1578272742,62,34.7,138.93,50.0,8.05
234,kavieng,12,PG,1578272742,70,-2.57,150.8,85.32,6.91
235,vestmannaeyjar,100,IS,1578272742,96,63.44,-20.27,36.7,18.72
236,itoman,20,JP,1578272742,60,26.12,127.67,69.8,8.05
237,talakan,0,RU,1578272742,95,50.29,130.28,-10.97,2.24
238,cody,20,US,1578272742,50,44.53,-109.06,30.2,3.36
239,lincoln,0,GB,1578272579,87,53.23,-0.54,46.99,10.29
240,paralimni,87,GR,1578272743,48,40.99,23.67,44.01,11.99
241,sumbe,96,AO,1578272743,88,-11.2,13.84,75.92,1.63
242,moron,17,HT,1578272743,77,18.56,-74.26,77.81,16.11
243,naze,83,NG,1578272743,57,5.43,7.07,74.73,1.97
244,chekmagush,92,RU,1578272743,97,55.14,54.65,22.35,7.05
245,nybro,99,SE,1578272743,93,56.75,15.91,41.0,11.41
246,synya,36,RU,1578272743,93,65.37,58.04,11.48,8.43
247,pacific grove,1,US,1578272551,67,36.62,-121.92,60.01,4.7
248,teguldet,99,RU,1578272744,94,57.31,88.17,20.25,7.58
249,pontalina,0,BR,1578272744,96,-17.52,-49.45,69.66,5.23
250,bud,100,NO,1578272744,81,62.91,6.91,48.2,14.99
251,chuy,2,UY,1578272139,78,-33.69,-53.46,69.8,12.53
252,lander,1,US,1578272744,57,42.83,-108.73,23.0,13.87
253,meybod,0,IR,1578272744,64,32.25,54.02,37.4,4.7
254,colares,0,PT,1578272745,87,38.8,-9.45,50.0,2.24
255,manacapuru,4,BR,1578272745,74,-3.3,-60.62,82.4,2.24
256,honningsvag,75,NO,1578272745,79,70.98,25.97,23.0,8.05
257,wailuku,20,US,1578272745,54,20.89,-156.51,82.4,24.16
258,jaca,90,ES,1578272745,100,42.57,-0.55,36.0,1.12
259,liverpool,90,GB,1578272680,87,53.41,-2.98,48.0,13.87
260,guatire,40,VE,1578272745,74,10.47,-66.54,80.6,1.12
261,lar,66,IR,1578272745,93,27.66,54.32,48.2,4.7
262,sao filipe,68,CV,1578272188,63,14.9,-24.5,71.42,18.37
263,rawson,76,AR,1578272746,59,-43.3,-65.11,62.65,18.25
264,souillac,0,FR,1578272746,93,45.6,-0.6,37.0,4.7
265,sibolga,27,ID,1578272746,91,1.74,98.78,68.95,4.0
266,neuquen,13,AR,1578272746,28,-38.95,-68.06,69.8,18.34
267,kieta,1,PG,1578272746,67,-6.22,155.63,84.63,3.33
268,ketchikan,75,US,1578272746,94,55.34,-131.65,35.6,4.7
269,mayna,68,RU,1578272746,71,53.0,91.49,13.15,7.4
270,adelaide,0,AU,1578272625,48,-34.93,138.6,73.99,10.29
271,nuuk,90,GL,1578272747,92,64.17,-51.74,8.6,26.4
272,pangai,20,TO,1578272747,70,-19.8,-174.35,84.2,12.75
273,kamiiso,20,JP,1578272747,63,41.82,140.65,30.2,13.87
274,mardin,90,TR,1578272747,87,37.32,40.72,42.8,6.93
275,tucuman,62,PE,1578272747,79,-17.17,-70.89,56.1,4.29
276,kargopol,5,RU,1578272747,91,61.51,38.95,14.9,5.28
277,ko samui,20,TH,1578272748,94,9.54,99.94,75.2,9.19
278,mirabela,20,BR,1578272748,88,-16.25,-44.16,71.6,4.7
279,necochea,100,AR,1578272748,94,-38.55,-58.74,63.0,11.99
280,castelo do piaui,95,BR,1578272748,93,-5.32,-41.55,72.5,3.33
281,aksarka,0,RU,1578272748,88,66.56,67.8,12.56,14.09
282,novopavlovka,84,KG,1578272748,92,42.87,74.49,21.2,6.71
283,namatanai,72,PG,1578272190,71,-3.66,152.44,84.45,1.81
284,encheng,91,CN,1578272748,86,22.74,107.09,64.71,3.51
285,danshui,100,CN,1578272748,68,22.81,114.46,73.0,2.24
286,araouane,17,ML,1578272749,21,18.9,-3.53,58.1,9.35
287,sechura,11,PE,1578272749,84,-5.56,-80.82,72.21,15.52
288,ostrovnoy,77,RU,1578272749,96,68.05,39.51,10.08,14.45
289,halifax,90,CA,1578272619,100,44.65,-63.58,28.0,28.86
290,kaniama,100,CD,1578272525,97,-7.57,24.18,66.67,2.39
291,katobu,100,ID,1578272749,88,-4.94,122.53,79.0,4.85
292,olinda,90,AU,1578272749,100,-37.84,145.39,57.99,5.82
293,verkhoyansk,41,RU,1578272749,84,67.55,133.39,-27.92,0.81
294,danjiangkou,100,CN,1578272749,87,32.54,111.51,38.34,5.14
295,romanovo,37,RU,1578272750,93,56.49,40.39,22.68,5.97
296,wejherowo,75,PL,1578272750,86,54.61,18.25,36.0,10.29
297,gravdal,97,NO,1578272750,93,59.79,5.78,46.99,11.41
298,port lincoln,70,AU,1578272750,61,-34.72,135.86,65.57,9.24
299,tondano,40,ID,1578272750,83,1.3,124.91,84.2,2.24
300,nakhon phanom,0,LA,1578272750,85,17.4,104.79,59.99,2.98
301,buluang,40,PH,1578272750,83,10.47,123.98,80.6,6.93
302,campos belos,84,BR,1578272750,97,-13.04,-46.77,68.34,1.95
303,ajdabiya,89,LY,1578272751,74,30.75,20.22,59.61,25.43
304,mapiripan,96,CO,1578272751,68,2.89,-72.13,78.28,4.54
305,nhulunbuy,40,AU,1578272751,62,-12.18,136.78,89.6,14.99
306,victoria,75,BN,1578272751,79,5.28,115.24,84.2,5.82
307,tezu,91,IN,1578272751,89,27.93,96.16,49.06,2.21
308,iberia,100,PE,1578272751,93,-11.41,-69.49,71.94,1.54
309,santa cruz,100,BR,1578272751,78,-6.22,-36.02,76.05,7.34
310,cartagena,0,ES,1578272571,100,37.63,-1.0,46.0,5.82
311,naliya,0,IN,1578272752,45,23.26,68.83,63.28,6.64
312,el jicaro,64,GT,1578272752,85,14.91,-89.89,58.6,4.81
313,praia da vitoria,75,PT,1578272752,93,38.73,-27.07,62.6,21.56
314,kautokeino,100,NO,1578272752,92,69.01,23.04,15.44,13.51
315,abnub,0,EG,1578272752,56,27.27,31.15,44.6,12.75
316,waipawa,0,NZ,1578272752,70,-39.94,176.59,59.0,25.99
317,syracuse,90,US,1578272612,92,43.05,-76.15,32.0,3.62
318,zatoka,75,PL,1578272753,92,50.04,20.52,28.99,1.12
319,mahibadhoo,53,MV,1578272753,77,3.78,72.97,81.97,10.31
320,lavrentiya,8,RU,1578272753,83,65.58,-170.99,-11.85,6.22
321,nabire,79,ID,1578272753,79,-3.36,135.5,80.53,0.85
322,arlit,3,NE,1578272753,26,18.74,7.39,57.34,11.25
323,cherskiy,4,RU,1578272753,62,68.75,161.3,-8.63,4.52
324,te anau,59,NZ,1578272753,75,-45.41,167.72,44.42,12.75
325,yatou,20,CM,1578272753,88,3.63,9.81,80.6,3.36
326,katsuura,40,JP,1578272181,67,33.93,134.5,51.01,9.17
327,lisakovsk,48,KZ,1578272754,94,52.55,62.49,10.98,8.99
328,karasjok,100,NO,1578272754,73,69.47,25.52,19.4,28.86
329,constitucion,75,MX,1578272754,11,23.99,-104.67,68.0,4.7
330,ust-tsilma,88,RU,1578272754,92,65.44,52.15,11.75,8.59
331,dongning,40,CN,1578272754,80,44.06,131.12,12.24,1.72
332,inhambane,11,MZ,1578272754,83,-23.87,35.38,78.64,13.22
333,campoverde,75,EC,1578272754,71,-0.91,-78.62,53.6,10.29
334,caraguatatuba,75,BR,1578272704,88,-23.62,-45.41,69.8,2.24
335,bom jardim,75,BR,1578272755,83,-7.8,-35.59,75.2,13.87
336,lenoir,1,US,1578272755,74,35.91,-81.54,44.01,4.7
337,caravelas,100,BR,1578272755,93,-17.73,-39.27,72.5,11.03
338,mopti,17,ML,1578272755,34,14.49,-4.19,66.2,6.93
339,tarata,100,PE,1578272755,64,-17.47,-70.03,71.6,8.05
340,tromso,90,NO,1578272755,92,69.65,18.96,28.4,18.34
341,mahuva,0,IN,1578272755,57,21.09,71.76,72.7,14.23
342,san cristobal,95,HN,1578272755,82,14.68,-86.92,65.12,9.28
343,nioro,0,GM,1578272756,13,13.79,-15.05,67.55,10.38
344,xingyi,90,CN,1578272756,96,24.19,102.82,53.24,4.97
345,khash,98,IR,1578272756,89,28.22,61.21,52.7,22.08
346,gavle,78,SE,1578272756,90,60.67,17.14,34.0,4.0
347,haines junction,44,CA,1578272756,87,60.75,-137.51,-6.66,4.76
348,rock springs,75,US,1578272756,79,41.59,-109.2,24.8,26.4
349,avera,1,US,1578272756,70,33.19,-82.53,50.0,7.54
350,ambon,0,FR,1578272167,86,47.55,-2.56,43.0,8.05
351,port macquarie,90,AU,1578272610,64,-31.43,152.91,87.01,8.05
352,fort nelson,75,CA,1578272757,69,58.81,-122.69,-9.4,4.7
353,dudinka,75,RU,1578272757,92,69.41,86.18,21.2,29.08
354,gamba,1,CN,1578272757,21,28.28,88.52,3.09,1.03
355,ngunguru,56,NZ,1578272757,57,-35.62,174.5,70.0,14.0
356,bilma,61,NE,1578272757,31,18.69,12.92,52.16,6.22
357,bonavista,100,CA,1578272757,96,48.65,-53.11,29.26,34.45
358,cayenne,90,GF,1578272600,83,4.94,-52.33,78.8,3.36
359,kodarma,0,IN,1578272757,72,24.47,85.59,51.73,3.8
360,dordrecht,90,NL,1578272758,87,51.8,4.68,45.0,10.29
361,turukhansk,100,RU,1578272758,94,65.8,87.96,22.55,14.83
362,podor,0,MR,1578272758,42,16.65,-14.96,64.4,4.7
363,mga,83,RU,1578272758,85,59.76,31.06,25.0,2.24
364,nanortalik,20,GL,1578272758,86,60.14,-45.24,26.82,10.38
365,blind river,90,CA,1578272758,100,46.19,-82.96,32.0,9.17
366,camacha,40,PT,1578272758,72,33.08,-16.33,62.6,10.29
367,bayanday,39,RU,1578272758,96,53.07,105.52,3.04,1.97
368,fortuna,1,US,1578272759,76,40.6,-124.16,53.6,6.93
369,newberry,90,US,1578272759,92,46.35,-85.51,30.2,6.93
370,mandalgovi,10,MN,1578272759,94,45.76,106.27,3.29,9.28
371,vostok,76,RU,1578272759,95,46.45,135.83,-0.51,2.06
372,pisco,28,PE,1578272144,83,-13.71,-76.2,71.6,18.34
373,berlevag,75,NO,1578272584,79,70.86,29.09,23.0,8.05
374,broken hill,40,AU,1578272759,77,-31.97,141.45,59.0,21.92
375,laguna,75,BZ,1578272759,73,16.17,-88.94,73.4,5.61
376,kendari,100,ID,1578272760,94,-3.99,122.52,77.04,1.68
377,gazimurskiy zavod,100,RU,1578272760,94,51.55,118.33,5.5,3.11
378,thinadhoo,90,MV,1578272760,73,0.53,72.93,83.48,7.58
379,abrau-dyurso,75,RU,1578272760,93,44.7,37.6,42.8,6.71
380,meulaboh,27,ID,1578272760,81,4.14,96.13,79.95,7.45
381,soria,0,ES,1578272760,87,41.76,-2.46,30.99,3.11
382,yerbogachen,100,RU,1578272760,93,61.28,108.01,8.96,11.5
383,new norfolk,20,AU,1578272760,52,-42.78,147.06,69.01,9.17
384,kavaratti,0,IN,1578272760,65,10.57,72.64,80.01,5.61
385,ixtapa,5,MX,1578272761,45,20.71,-105.21,82.4,6.93
386,pangnirtung,100,CA,1578272761,90,66.15,-65.72,-46.39,2.24
387,niamey,33,NE,1578272761,25,13.52,2.11,66.2,4.7
388,dzhebariki-khaya,100,RU,1578272761,98,62.22,135.8,-4.61,0.69
389,washington,40,US,1578272405,55,38.9,-77.04,36.0,4.7
390,taltal,2,CL,1578272762,77,-25.41,-70.49,62.35,2.04
391,ariquemes,87,BR,1578272762,97,-9.91,-63.03,74.35,2.53
392,codrington,75,AU,1578272762,51,-28.95,153.24,84.2,5.82
393,taoudenni,13,ML,1578272762,19,22.68,-3.98,54.77,7.31
394,esmeraldas,40,BR,1578272762,88,-19.76,-44.31,73.4,3.36
395,punta alta,20,AR,1578272762,83,-27.46,-55.82,78.8,4.7
396,bambanglipuro,49,ID,1578272762,80,-7.95,110.28,78.44,1.54
397,pilar,70,AR,1578272762,61,-34.46,-58.91,79.0,13.87
398,valparaiso,90,US,1578272185,65,41.47,-87.06,42.8,20.8
399,kindu,100,CD,1578272763,98,-2.95,25.92,68.9,0.31
400,russell,1,US,1578272165,44,38.9,-98.86,39.2,5.82
401,nome,1,US,1578272763,77,30.04,-94.42,64.0,6.93
402,durban,24,CA,1578272763,89,51.93,-101.44,13.69,8.21
403,mocuba,82,MZ,1578272763,98,-16.84,36.99,74.07,2.37
404,peniche,0,PT,1578272763,87,39.36,-9.38,48.99,2.24
405,marquelia,0,MX,1578272763,73,16.59,-98.82,82.24,8.84
406,petrolina,75,BR,1578272763,78,-9.38,-40.5,80.6,2.24
407,praya,40,ID,1578272543,83,-8.71,116.27,82.4,12.75
408,cockburn town,0,TC,1578272683,67,21.46,-71.14,77.85,9.66
409,sosva,56,RU,1578272764,91,59.17,61.86,21.2,7.58
410,manado,40,ID,1578272749,83,1.49,124.85,84.2,2.24
411,formosa,71,BR,1578272764,98,-15.55,-47.33,63.77,4.23
412,laukaa,90,FI,1578272764,92,62.42,25.95,25.0,9.17
413,bathsheba,90,BB,1578272760,88,13.22,-59.52,75.2,15.43
414,quatre cocos,75,MU,1578272764,94,-20.21,57.76,75.2,16.11
415,shumyachi,4,RU,1578272765,86,53.86,32.43,25.84,5.14
416,neryungri,100,RU,1578272765,76,56.66,124.71,6.33,3.51
417,san luis,83,AR,1578272765,74,-33.3,-66.34,66.33,22.95
418,joppatowne,5,US,1578272765,74,39.42,-76.36,36.0,7.4
419,raymondville,1,US,1578272765,34,37.34,-91.83,48.2,6.93
420,agucadoura,0,PT,1578272708,93,41.43,-8.78,42.01,2.24
421,emba,75,CY,1578272765,76,34.81,32.42,57.2,12.75
422,saint-francois,1,FR,1578272765,92,46.42,3.91,33.01,3.69
423,nago,0,IT,1578272766,86,45.88,10.89,45.0,6.93
424,natal,40,BR,1578272546,78,-5.81,-35.21,80.6,11.41
425,alexandria,8,RO,1578272766,91,43.97,25.33,30.99,6.04
426,kachiry,54,KZ,1578272766,95,53.07,76.1,26.58,7.29
427,mezhdurechensk,92,RU,1578272766,84,53.69,88.07,17.24,3.56
428,kalmunai,0,LK,1578272766,77,7.42,81.82,82.0,15.73
429,asekeyevo,94,RU,1578272766,97,53.57,52.8,24.51,3.62
430,sur,34,OM,1578272766,81,22.57,59.53,67.77,14.29
431,simao,38,CN,1578272766,98,22.76,100.79,53.58,3.56
432,atambua,100,ID,1578272767,76,-9.11,124.89,79.72,3.78
433,alofi,1,NU,1578272767,74,-19.06,-169.92,84.2,13.87
434,la rioja,0,AR,1578272767,37,-29.41,-66.86,81.64,2.44
435,guerrero negro,0,MX,1578272767,30,27.97,-114.04,69.06,7.9
436,terra santa,5,BR,1578272767,66,-2.1,-56.49,80.71,2.28
437,honiara,40,SB,1578272767,70,-9.43,159.96,89.6,5.82
438,amga,100,RU,1578272767,97,60.89,131.98,-0.92,3.53
439,stokmarknes,100,NO,1578272767,80,68.56,14.91,41.0,10.0
440,brae,100,GB,1578272768,93,60.4,-1.35,50.0,26.4
441,turbat,95,PK,1578272768,75,26.0,63.05,66.72,7.85
442,mehamn,75,NO,1578272768,79,71.03,27.85,23.0,8.05
443,balikpapan,100,ID,1578272768,88,-1.24,116.86,75.85,4.18
444,berwick,1,US,1578272768,62,29.69,-91.22,59.0,6.93
445,esso,71,RU,1578272768,96,55.93,158.7,1.4,3.83
446,naron,90,ES,1578272768,100,43.52,-8.15,41.0,5.82
447,bulawayo,87,ZW,1578272768,61,-20.16,28.59,70.09,3.18
448,traverse city,90,US,1578272768,95,44.76,-85.62,34.0,10.29
449,yumen,63,CN,1578272769,65,40.29,97.04,16.52,8.79
450,porto belo,40,BR,1578272650,83,-27.15,-48.54,77.0,8.05
451,cehegin,0,ES,1578272769,85,38.09,-1.8,46.0,5.01
452,erenhot,5,CN,1578272757,86,43.65,111.97,11.39,8.88
453,saryozek,0,KZ,1578272769,59,44.36,77.98,17.06,3.09
454,bom jesus,96,BR,1578272769,95,-9.08,-44.36,68.36,0.83
455,mayo,75,CA,1578272756,74,63.59,-135.9,-25.6,3.36
456,nantucket,1,US,1578272769,51,41.28,-70.1,36.0,12.75
457,ulaangom,0,MN,1578272769,83,49.98,92.07,-15.03,2.42
458,labuhan,77,ID,1578272770,88,-2.54,115.51,76.62,1.7
459,menongue,95,AO,1578272770,91,-14.66,17.68,63.93,1.48
460,bambous virieux,75,MU,1578272770,94,-20.34,57.76,75.2,16.11
461,port augusta,55,AU,1578272770,92,-32.49,137.76,62.01,1.99
462,kursk,100,RU,1578272770,93,51.74,36.18,27.3,7.02
463,villa bruzual,58,VE,1578272770,57,9.33,-69.12,80.37,8.1
464,boguchany,82,RU,1578272770,94,58.38,97.46,19.45,5.19
465,channel-port aux basques,100,CA,1578272770,85,47.57,-59.14,29.84,21.97
466,kamenka,99,MD,1578272770,83,48.03,28.7,33.01,11.79
467,vila,0,IT,1578272771,88,45.18,8.4,39.99,8.05
468,penzance,98,GB,1578272771,93,50.12,-5.53,51.01,17.22
469,harper,1,US,1578272771,27,30.3,-99.24,62.6,6.93
470,isoka,100,ZM,1578272771,96,-10.15,32.64,63.52,2.26
471,mahenge,99,TZ,1578272771,82,-8.68,36.72,72.52,2.71
472,hauterive,1,CA,1578272771,66,49.18,-68.27,18.0,6.93
473,yongzhou,2,CN,1578272771,90,26.46,111.6,56.16,1.52
474,kargil,100,PK,1578272771,97,34.56,76.13,-0.62,2.86
475,maltahohe,30,NA,1578272772,30,-24.83,16.98,66.16,8.23
476,iranshahr,90,IR,1578272772,82,27.21,60.69,60.8,4.7
477,nagato,75,JP,1578272772,65,34.35,131.14,48.2,11.41
478,hami,88,CN,1578272772,45,42.84,93.51,18.52,2.91
479,tasiilaq,100,GL,1578272772,92,65.61,-37.64,22.53,33.51
480,popondetta,99,PG,1578272772,76,-8.77,148.24,76.03,3.67
481,selkirk,5,CA,1578272772,73,50.15,-96.88,19.4,6.93
482,green valley,1,US,1578272772,74,40.41,-89.64,39.99,20.8
483,taksimo,4,RU,1578272655,93,56.36,114.84,-10.44,0.72
484,dongsheng,100,CN,1578272773,93,29.72,112.52,46.18,9.31
485,parabel,97,RU,1578272773,94,58.71,81.5,10.65,7.65
486,dunedin,70,NZ,1578272502,70,-45.87,170.5,50.56,39.53
487,aykhal,100,RU,1578272773,83,65.95,111.51,-4.0,6.71
488,migori,100,KE,1578272773,87,-1.07,34.47,64.4,1.59
489,port-gentil,100,GA,1578272773,77,-0.72,8.78,82.24,8.08
490,raudeberg,100,NO,1578272773,93,61.99,5.14,48.0,18.34
491,belyy yar,69,RU,1578272773,67,53.6,91.39,23.0,6.71
492,port blair,28,IN,1578272774,79,11.67,92.75,80.73,13.51
493,boyolangu,74,ID,1578272774,83,-8.09,111.9,78.71,2.08
494,trelew,83,AR,1578272774,43,-43.25,-65.31,61.47,13.51
495,mackay,75,CA,1578272774,53,53.65,-115.58,24.8,6.93
496,tautira,75,PF,1578272774,70,-17.73,-149.15,86.0,3.36
497,sangar,100,RU,1578272774,88,63.92,127.47,-6.23,12.64
498,muroran,20,JP,1578272774,63,42.32,140.98,30.2,13.87
499,verkhnevilyuysk,92,RU,1578272774,100,63.45,120.31,-9.33,1.83
500,manono,100,CD,1578272774,96,-7.3,27.4,68.45,1.36
501,byron bay,4,AU,1578272749,54,-28.65,153.62,88.0,12.75
502,paidha,76,UG,1578272775,68,2.42,30.99,66.79,5.53
503,beloha,0,MG,1578272775,84,-25.17,45.06,72.37,10.42
504,gubkinskiy,100,RU,1578272775,94,64.43,76.5,20.48,12.53
505,iralaya,75,HN,1578272775,83,15.0,-83.23,80.6,11.41
506,tiarei,75,PF,1578272775,70,-17.53,-149.33,86.0,3.36
507,arys,90,KZ,1578272775,100,42.43,68.8,30.2,2.24
508,megalopoli,100,GR,1578272775,49,37.4,22.14,51.01,6.93
509,beberibe,40,BR,1578272775,74,-4.18,-38.13,86.0,5.82
510,esil,99,KZ,1578272776,94,51.96,66.41,21.61,7.02
511,plesetsk,15,RU,1578272776,94,62.71,40.29,11.1,6.55
512,prabumulih,57,ID,1578272776,96,-3.5,104.19,73.53,3.18
513,henties bay,76,NA,1578272776,90,-22.12,14.28,63.0,1.99
514,margate,20,AU,1578272776,52,-43.03,147.26,69.01,9.17
515,tessalit,0,ML,1578272776,24,20.2,1.01,54.21,12.28
516,axim,10,GH,1578272776,56,4.87,-2.24,73.78,0.56
517,hobyo,22,SO,1578272776,83,5.35,48.53,77.61,11.01
518,deputatskiy,48,RU,1578272751,79,69.3,139.9,-17.0,0.49
519,independencia,96,MX,1578272777,86,20.06,-97.05,61.11,0.94
520,kano,90,NG,1578272777,67,11.99,8.53,57.2,11.61
521,caucaia,40,BR,1578272777,74,-3.73,-38.66,86.0,5.82
522,yanam,49,IN,1578272777,83,16.73,82.22,73.4,9.17
523,thunder bay,90,CA,1578272578,79,48.41,-89.26,28.4,17.22
524,lamu,100,CN,1578272777,91,35.77,102.37,14.81,1.19
525,port shepstone,99,ZA,1578272746,97,-30.74,30.45,72.37,5.53
526,sanski most,0,BA,1578272778,85,44.77,16.67,24.8,5.82
527,barranca,63,PE,1578272778,88,-10.75,-77.76,71.02,13.62
528,kontagora,100,NG,1578272778,30,10.4,5.47,69.44,6.78
529,capaci,0,IT,1578272778,37,38.17,13.24,55.99,35.57
530,juventino rosas,40,MX,1578272778,8,20.64,-101.0,66.2,5.57
531,imperial,0,CA,1578272778,82,51.35,-105.44,16.54,6.85
532,zhanaozen,100,KZ,1578272778,62,43.35,52.85,28.76,6.33
533,huamachuco,100,PE,1578272778,91,-7.82,-78.05,43.86,8.41
534,chhabra,0,IN,1578272778,55,24.67,76.85,53.19,5.77
535,bridlington,13,GB,1578272778,87,54.08,-0.19,48.2,12.75
536,palauig,80,PH,1578272779,62,15.44,119.9,74.93,5.99
537,tabas,0,IR,1578272524,51,33.6,56.92,39.2,4.7
538,ginir,0,ET,1578272779,72,7.14,40.71,59.13,4.18
539,areka,40,ET,1578272779,71,7.07,37.71,68.74,2.19
540,karanganyar,20,ID,1578272779,100,-7.6,110.95,75.2,2.24
541,kushima,75,JP,1578272779,81,31.5,131.29,44.6,11.41
542,yarada,75,IN,1578272779,78,17.65,83.27,73.4,6.93
543,oneida,1,US,1578272779,64,41.07,-90.23,39.0,17.22
544,tumpat,20,MY,1578272779,88,6.2,102.17,75.2,3.36
545,mataram,45,ID,1578272780,95,-5.32,105.06,73.45,2.24
546,lerwick,100,GB,1578272780,87,60.15,-1.15,50.0,16.11
